{"cameraMode":{"drawMode":0,"name":"Shaded","section":"Shading Mode"},"sceneLighting":true,"audioPlay":false,"sceneViewState":{"m_AlwaysRefresh":false,"showFog":true,"showSkybox":true,"showFlares":true,"showImageEffects":true,"showParticleSystems":true,"showVisualEffectGraphs":true,"m_FxEnabled":true},"in2DMode":false,"pivot":{"x":1.3575000762939454,"y":4.3899993896484379,"z":-8.987499237060547},"rotation":{"x":-0.017994731664657594,"y":-0.18431387841701508,"z":0.0033761837985366585,"w":-0.9827064871788025},"size":3.517301082611084,"orthographic":false}