{"cameraMode":{"drawMode":0,"name":"Shaded","section":"Shading Mode"},"sceneLighting":false,"audioPlay":false,"sceneViewState":{"m_AlwaysRefresh":false,"showFog":true,"showSkybox":false,"showFlares":true,"showImageEffects":true,"showParticleSystems":true,"showVisualEffectGraphs":true,"m_FxEnabled":true},"in2DMode":false,"pivot":{"x":-0.07019306719303131,"y":0.7561306953430176,"z":0.2048751413822174},"rotation":{"x":-0.41581177711486819,"y":0.041445180773735049,"z":-0.018973030149936677,"w":-0.9083104133605957},"size":0.9719392657279968,"orthographic":false}