{"cameraMode":{"drawMode":0,"name":"Shaded","section":"Shading Mode"},"sceneLighting":false,"audioPlay":false,"sceneViewState":{"m_AlwaysRefresh":false,"showFog":true,"showSkybox":false,"showFlares":true,"showImageEffects":true,"showParticleSystems":true,"showVisualEffectGraphs":true,"m_FxEnabled":true},"in2DMode":false,"pivot":{"x":-0.13650813698768617,"y":0.7652244567871094,"z":0.16455164551734925},"rotation":{"x":-0.41581177711486819,"y":0.041445180773735049,"z":-0.018973030149936677,"w":-0.9083104133605957},"size":0.9747170209884644,"orthographic":false}