{"cameraMode":{"drawMode":0,"name":"Shaded","section":"Shading Mode"},"sceneLighting":false,"audioPlay":false,"sceneViewState":{"m_AlwaysRefresh":false,"showFog":true,"showSkybox":false,"showFlares":true,"showImageEffects":true,"showParticleSystems":true,"showVisualEffectGraphs":true,"m_FxEnabled":true},"in2DMode":false,"pivot":{"x":0.005449473857879639,"y":0.7246060371398926,"z":-0.011456191539764405},"rotation":{"x":-0.41581177711486819,"y":0.041445180773735049,"z":-0.018973030149936677,"w":-0.9083104133605957},"size":1.0566918849945069,"orthographic":false}